artist,album,song
starr,RingoRama,Memphis In Your Mind-0XwFvuUkN00.png
mccartney,MemoryAlmostFull,Ever Present Past-raw_sIqjO3Y.png
starr,YNot,Ringo Starr - Y Not-s5H9yDn6jV4.png
starr,BeaucoupsOfBlues,Waiting-knEhJRs3QBY.png
starr,SmellTheRoses,Ringo Starr Back - Off Boogaloo-fYOVk3P71yM.png
mccartney,BackToTheEgg,So Glad To See You Here (Remastered 1993)-rIl9EoCWDmM.png
Lennon,WallsAndBridges,Scared (Remastered 2010)-YBk_w0nQUPQ.png
harrison,MaterialWorld,Be Here Now _ Living In The Material World _ Track 8-UR-wY7N2lrY.png
harrison,SomewhereEngland,Baltimore Oriole (2004 Mix)-BJgqiNvreLQ.png
mccartney,RegardsToBroadStreet,'Ballroom Dancing' - PaulMcCartney.com Track of the Week-DNEHF2fAhh8.png
Lennon,WallsAndBridges,Bless You (Remastered 2010)-j1Xeqh2sbQU.png
harrison,CloudNine,Fish On The Sand (2004 Mix)-zhyU4YRP55k.png
Lennon,WallsAndBridges,John Lennon - Whatever Gets You Thru The Night-7qwq76p93U8.png
mccartney,VenusAndMars,Rock Show (1993 Digital Remaster)-RhxrDUSkGlI.png
harrison,CloudNine,Breath Away From Heaven (2004 Mix)-YXZqp-NGDpY.png
Lennon,MilkAndHoney,Let Me Count The Ways (Remastered 2010)-JW8ua96FkI8.png
Lennon,DoubleFantasy,Dear Yoko-7htvdqzp6gY.png
starr,Liverpool8,If It's Love That You Want-1uTioa4eFSM.png
mccartney,PressToPlay,However Absurd (1993 Digital Remaster)-1wK02XbAtwU.png
harrison,Brainwashed,Run So Far-IuH_hGxXrD4.png
mccartney,BandOnTheRun,Nineteen Hundred And Eighty Five (Remastered 2010)-utMD5GDkLk8.png
starr,PostcardsParadise,Ringo Starr - Right Side Of The Road (Audio)-Kahcu4_YmpI.png
mccartney,ChaosAndCreation,Anyway-qiwystHAzxY.png
starr,YNot,Ringo Star - Fill in the blanks-YS4bKPJAfWU.png
mccartney,DrivingRain,Paul McCartney - Heather-H1rTIGnh4b8.png
mccartney,PipesOfPeace,Paul McCartney - Through Our Love-SwFTw5zMIoc.png
Lennon,Imagine,Jealous Guy (Remastered 2010)-3O4J4DH4tyo.png
starr,OldWave,Ringo Starr - In My Car-s3YeEAiXmgk.png
starr,ChooseLove,Some People-4hOgKyeQO-8.png
harrison,Brainwashed,Never Get Over You-shp05kS6mH0.png
Lennon,RocknRoll,Be-Bop-A-Lula (Remastered 2010)-S8huF2Jgn4c.png
mccartney,WildLife,Paul McCartney & Wings - Tomorrow-wwmOBKdROIQ.png
Lennon,DoubleFantasy,Watching The Wheels-2Kx2PbA8bCI.png
starr,Ringo2012,Samba-WrKuhhLYQzY.png
harrison,DarkHorse,Simply Shady (2014 Mix)-q40xr1YtbHc.png
mccartney,ChaosAndCreation,Jenny Wren-wubCa3JZdEk.png
mccartney,FlamingPie,The Song We Were Singing-Q4qObxQL4x0.png
mccartney,RedRoseSpeedway,Paul McCartney & wings - My Love-p8eU1XYrUoc.png
starr,GoodnightVienna,Call Me-wbDPuEyIekg.png
starr,GoodnightVienna,Husbands And Wives-ht9fgZIkQww.png
starr,PostcardsParadise,You Bring The Party Down-YSKyQQr8slg.png
mccartney,OffTheGround,Golden Earth Girl-lHSg7kpI6xE.png
mccartney,DrivingRain,Paul McCartney Driving Rain 16_16 - Freedom-gn5Cbe7a7Hk.png
starr,PostcardsParadise,Ringo Starr - Confirmation (Audio)-8dnWlSLSdCM.png
harrison,AllMustPass,My Sweet Lord (2014 Mix)--59rmRj4QnA.png
mccartney,RegardsToBroadStreet,No More Lonely Nights (Play Out Version)-xLmxzUc9Y-0.png
mccartney,EgyptStation,Opening Station-BLHeohkkuMo.png
mccartney,FlowersInTheDirt,We Got Married (Remastered 2017)-F8igkHOn1Dk.png
mccartney,OffTheGround,Peace In The Neighbourhood-9xOligx2_tE.png
mccartney,DrivingRain,Paul McCartney - Back In The Sunshine Again-pjnhj5uM3vc.png
harrison,MaterialWorld,Try Some Buy Some _ Living In The Material World _ Track 9-UrDuDoc_2E8.png
mccartney,McCartney2,Bogey Wobble (Remastered 2011)-esVVO4I4pNs.png
mccartney,McCartney2,Coming Up (Remastered 2011)-QX7NSdyr_4U.png
mccartney,RegardsToBroadStreet,Not Such A Bad Boy (Remastered 1993)-j6LaKaBiCHM.png
mccartney,FlowersInTheDirt,You Want Her Too (Remastered 2017)-bbtNPUa5c0c.png
starr,RingosRotogravure,Hey Baby-hzy6r_RHc-g.png
starr,RingosRotogravure,This Be Called a Song-KCsk24OrzRY.png
mccartney,McCartney,Maybe I'm Amazed _ McCartney _ Track 12 (Stereo)-7_2mDp0EEek.png
Lennon,DoubleFantasy,Beautiful Boy (Darling Boy)-HB5KwxPwQj8.png
Lennon,SomeTimeInNYC,The Luck Of The Irish (Remastered 2010)-p4cPoaXRRrg.png
mccartney,MemoryAlmostFull,See Your Sunshine-Gm-kzOtorXs.png
harrison,DarkHorse,So Sad (2014 Mix)-zVLAt9DMQSU.png
starr,RingosRotogravure,Pure Gold-TIsiek4REIA.png
Lennon,RocknRoll,Sweet Little Sixteen (Remastered 2010)-pL5W6MNW0Kg.png
starr,Ringo,You And Me Babe _ Ringo _ Ringo Starr-Y2bA0MQc8K8.png
harrison,SomewhereEngland,Hong Kong Blues (2004 Mix)-7HRjvDBWJQA.png
mccartney,McCartney2,Nobody Knows (Remastered 2011)-pl2izlNtyVw.png
harrison,MaterialWorld,Who Can See It _ Living In The Material World _ Track 5-GQmATBjTikU.png
Lennon,PlasticOnoBand,John Lennon-'Do the Oz' Bonus from the 2000 remastered version of 'John Lennon_Plastic Ono Band'-kUjPv8_M5Cw.png
starr,OldWave,Ringo Starr - Going Down-iKA0Sd2kQ-Y.png
starr,BadBoy,Ringo Starr - A Man Like Me-sO0zN9Axo7g.png
harrison,AllMustPass,Art Of Dying (2014 Mix)-tmo8L7NlURQ.png
starr,BeaucoupsOfBlues,Without Her-etrzGWxtVOY.png
mccartney,PipesOfPeace,Paul McCartney - Sweetest Little Show-rx5edIYicaU.png
harrison,ThirtyThree,This Song _ Thirty Three & 1_3 _ Track 4-xkkBAQ6BgLY.png
mccartney,BackToTheEgg,To You (Remastered 1993)-hAkVFA1CuJw.png
harrison,ExtraTexture,World Of Stone (2014 Mix)-vS5Ew8Vnv0E.png
starr,VerticalMan,Ringo Starr - La De Da-zlbedF4VIvc.png
mccartney,Ram,Ram On _ Ram _ Track 11 (Stereo)-zJ97peXdEoQ.png
starr,ChooseLove,Me And You-SybRXnSknm4.png
starr,RingosRotogravure,Spooky Weirdness-4j5KS5OccAU.png
Lennon,RocknRoll,Bony Moronie (Remastered 2010)-sX5MOVF54lI.png
mccartney,New,Paul McCartney - Save Us (New)-0lZ4Ke9vTng.png
harrison,ExtraTexture,This Guitar (Can't Keep From Crying)-L4HW_6bIB4U.png
starr,GoodnightVienna,Oo-Wee-cc9RvYk3V2M.png
harrison,Brainwashed,Between The Devil And The Deep Blue Sea-PxKIa7QzzIo.png
Lennon,WallsAndBridges,John Lennon - Old Dirt Road-Zaf5y2PlqDI.png
harrison,GoneTroppo,Greece (2004 Mix)-EmD7K_GBda0.png
starr,TimeTakesTime,Don't Go Where the Road Don't Go-gmcusR_EXAs.png
harrison,DarkHorse,Maya Love (2014 Mix)-hXsZVSIpF4o.png
starr,Ringo,Ringo Starr-Photograph-t6CMSuT98-E.png
Lennon,SomeTimeInNYC,We're All Water (Remastered 2010)-ckCVBPf3-DQ.png
mccartney,ChobaBCccp,'Twenty Flight Rock' - PaulMcCartney.com Track of the Week-B01hk0R6Y9o.png
starr,BadBoy,Ringo Starr - Lipstick Traces (On A Cigarette)-GoAOLONNAGc.png
mccartney,BackToTheEgg,We're Open Tonight (Remastered 1993)-8OYGek6wNlY.png
mccartney,EgyptStation,Despite Repeated Warnings-5vDVZNOFMEM.png
starr,BeaucoupsOfBlues,Coochy Coochy--BdU1XMg90A.png
mccartney,LondonTown,Children Children (Remastered 1993)-uZ_lgmCiXQI.png
mccartney,Ram,Ram On _ Ram _ Track 3 (Stereo)-pEIsmlu642Y.png
mccartney,McCartney,Every Night _ McCartney _ Track 4 (Stereo)-_iOtxh8Tdus.png
starr,YNot,Ringo Starr - Walk With You-tZ_5xlJ4KP4.png
Lennon,DoubleFantasy,Hard Times Are Over-5mqzw7zgQNI.png
mccartney,ChaosAndCreation,I've Only Got Two Hands (Bonus Track)-OYuHHg1r6Vc.png
Lennon,MilkAndHoney,O'Sanity (Remastered 2010)-1BbjkEggw1k.png
starr,SmellTheRoses,Ringo Starr - Red And Black Blues-TWB_Ygo9swg.png
starr,SentimentalJourney,Love is a Many Splendoured Thing _ Sentimental Journey _ Ringo Starr-HOSRf47pUvU.png
harrison,SomewhereEngland,That Which I Have Lost (2004 Mix)-MI3tj2Jf0ho.png
mccartney,ChobaBCccp,Crackin' Up (Remastered 2019)-kf_NUvlEJ4A.png
Lennon,PlasticOnoBand,Love (Remastered 2010)-MUTz3LQEq1Q.png
starr,VerticalMan,I'm Yours-EKchV-mt4rw.png
mccartney,TugOfWar,Be What You See (Link)-kzA3lVUf-Ug.png
starr,RingoThe4th,Sneakin' Sally Through the Alley-zxznF4-gNVc.png
mccartney,RedRoseSpeedway,Paul McCartney & Wings - Medley - Hold Me Tight_Lazy Dynamite_Hands of Love_Power Cut-k8dvOmyLwdk.png
starr,SentimentalJourney,Whispering Grass _ Sentimental Journey _ Ringo Starr-vABJPo7TmuM.png
mccartney,McCartney2,Check My Machine (Edit _ Remastered 2011)-8yy8e4nJhr8.png
starr,WhatsMyName,Ringo Starr - Grow Old With Me (Lyric Video)-5wzIz0beyro.png
starr,Ringo,Sunshine Life For Me (Sail Away Raymond) _ Ringo _ Ringo Starr-PAsbdOsns7E.png
mccartney,FlowersInTheDirt,Don't Be Careless Love (Remastered 2017)--e6aTPhr0-4.png
Lennon,WeddingAlbum,John Lennon and Yoko Ono- Amsterdam (Part 3_3)-o52qE-ZSDsc.png
mccartney,FlowersInTheDirt,That Day Is Done (Remastered 2017)-0AEJG_rv93Y.png
starr,VerticalMan,I'll Be Fine Anywhere-szg7gyyXIFA.png
mccartney,DrivingRain,Paul McCartney Driving Rain 8_16 - Your Way-oZyzAgbJowA.png
starr,PostcardsParadise,Rory And The Hurricanes-ZCRsDd_GUKg.png
mccartney,EgyptStation,Do It Now-Gah2wbD7rmg.png
mccartney,SpeedOfSound,Time To Hide (Remastered 2014)-71YWJ4cL0Ak.png
starr,VerticalMan,One-WEe9nmT9N1E.png
mccartney,PressToPlay,Footprints (1993 Digital Remaster)-3oGqxnv_3mc.png
Lennon,MilkAndHoney,I Don't Wanna Face It (Remastered 2010)--Wad_AeByzY.png
mccartney,BackToTheEgg,Baby's Request (Remastered 1993)-AIPT7_wf9n8.png
mccartney,New,Paul McCartney - Queenie Eye - 2013 NEW Album-pD8-uczf3sk.png
harrison,AllMustPass,Out Of The Blue (2014 Mix)-hD_ZVuwfkS4.png
starr,BeaucoupsOfBlues,Wine Woman And Loud Happy Songs--mxIdwuRvyY.png
mccartney,RedRoseSpeedway,Paul McCartney & Wings - One More Kiss-j6zZsebLmOc.png
mccartney,VenusAndMars,Love In Song (1993 Digital Remaster)-mDRBauMP_FM.png
Lennon,WallsAndBridges,Beef Jerky (Remastered 2010)-ikfNDJ9cDnE.png
mccartney,BackToTheEgg,The Broadcast (Remastered 1993)-Fhy6v29HEoQ.png
starr,TimeTakesTime,Weight of the World-k_S77XSXDe8.png
harrison,AllMustPass,If Not For You (2014 Mix)-eDAaKxlaBQ4.png
mccartney,McCartney2,Blue Sway (Remastered 2011)-JtklFu2d0ns.png
starr,GiveMoreLove,Ringo Starr - Standing Still (Audio)-NUPZPgsfRbQ.png
harrison,AllMustPass,Apple Scruffs (2014 Mix)-Bw-ky3BvAFI.png
starr,GiveMoreLove,Shake It Up-WbD-3geFd1U.png
starr,OldWave,Ringo Starr - Picture Show Life-y4S7wS1qksM.png
starr,SentimentalJourney,You Always Hurt The One You Love _ Sentimental Journey _ Ringo Starr-DT_bb_JWAok.png
starr,WhatsMyName,Ringo Starr - Better Days (Audio)--a5z6Wl7koE.png
Lennon,Imagine,Imagine (2010 Mix)-rAn-AWXtHv0.png
mccartney,FlowersInTheDirt,This One (Remastered 2017)-QF8B3KALY6w.png
Lennon,MindGames,Only People (Remastered 2010)--SVbqK01ImM.png
harrison,CloudNine,Devil's Radio (2004 Mix)-UoNHMJChnzA.png
starr,RingoRama,Write One For Me-gVvstC_Ntm4.png
harrison,AllMustPass,I Remember Jeep (2014 Mix)-PFY6SBhFZHc.png
harrison,AllMustPass,Thanks For The Pepperoni (2014 Mix)-rDDA0tSxzVU.png
harrison,SomewhereEngland,Teardrops (2004 Mix)-zfQpzht_SLo.png
mccartney,FlamingPie,Really Love You-OZGS_AB6Qag.png
mccartney,FlamingPie,Great Day-2pTpCaV1zzw.png
starr,Liverpool8,Liverpool 8-emDgKWih9H0.png
starr,SentimentalJourney,Bye Bye Blackbird _ Sentimental Journey _ Ringo Starr-gF01cgxa2lA.png
Lennon,MindGames,Aisumasen (I'm Sorry)-rWdRtdM-WCU.png
mccartney,FlamingPie,Little Willow-J09LRnvg_JE.png
starr,VerticalMan,What In The... World-eMoB_89zyks.png
mccartney,New,Paul McCartney - Alligator-_NBaSF_8bG8.png
starr,RingoRama,Trippin' On My Own Tears-QAnm48JEImU.png
mccartney,FlamingPie,Beautiful Night-T1ZdoDMq4ss.png
mccartney,SpeedOfSound,Beware My Love (Remastered 2014)-crlp_ZXDMaY.png
starr,RingoThe4th,Tango All Night-h9O9VyxPefA.png
harrison,DarkHorse,George Harrison - Dark Horse-M3-so70ZguY.png
harrison,AllMustPass,Run Of The Mill (2014 Mix)-h_9RFTN2ikU.png
starr,Ringo,Oh My My _ Ringo _ Ringo Starr-CmAz5oMmaVo.png
mccartney,ChobaBCccp,Kansas City (Remastered 2019)-tFAT7nXYErk.png
mccartney,ChobaBCccp,Ain't That A Shame (Remastered 2019)-jfx18Kr--ls.png
harrison,MaterialWorld,The Light That Has Lighted The World _ Living In The Material World _ Track 3-zMfLH1XQMU0.png
starr,GiveMoreLove,Don't Pass Me By (Re-do)-PK97gG0WXsc.png
starr,ChooseLove,Turnaround-rOleK7cRA70.png
starr,OldWave,Ringo Starr - Alibi-aveQv_9KIyU.png
starr,YNot,Ringo Starr - Can't Do It Wrong-m2j-ydKNwAg.png
starr,ChooseLove,Hard To Be True-OsdZC5Dr6GU.png
mccartney,RedRoseSpeedway,Paul McCartney & Wings - Loup (1st Indian On The Moon)-ZsHlANsMSK0.png
starr,YNot,Ringo Starr - Time-7MnC7zO8tk0.png
starr,Liverpool8,R U Ready-CbbWvLd-Y98.png
Lennon,SomeTimeInNYC,Angela (Remastered 2010)-MBpcm-DtN0Q.png
starr,SantaClaus,White Christmas-znr2F8R8rEY.png
starr,GiveMoreLove,Ringo Starr - So Wrong For So Long (Audio)-16Z4rUYdHJk.png
starr,OldWave,Ringo Starr - As Far as We Can Go-8Yn5PjZE-rM.png
harrison,AllMustPass,What Is Life (2014 Mix)-773tS353yPQ.png
mccartney,PressToPlay,Talk More Talk (1993 Digital Remaster)-aYFnhfEXWo8.png
mccartney,VenusAndMars,'You Gave Me The Answer' - PaulMcCartney.com Track of the Week-hG_IJg9TBpw.png
starr,SantaClaus,Dear Santa-BLSEgVCWQao.png
starr,RingoThe4th,Out on the Streets-qWNy4UEZoQQ.png
mccartney,PipesOfPeace,Paul McCartney - So Bad-SLaaE2p69Kk.png
starr,SantaClaus,Rudolph The Red-Nosed Reindeer-lM0NwxQa27M.png
starr,SantaClaus,Blue Christmas-v43EMMjAkc4.png
mccartney,SpeedOfSound,Must Do Something About It (Remastered 2014)-4FsT2b-_Nis.png
mccartney,BandOnTheRun,Helen Wheels (Remastered 2010)-oL5xX-wH0NU.png
Lennon,DoubleFantasy,Beautiful Boys-o31vrQRI9sA.png
Lennon,DoubleFantasy,Cleanup Time-PhMvdUCZLkg.png
starr,ChooseLove,Choose Love-yHu6wvSEenU.png
mccartney,MemoryAlmostFull,Mr. Bellamy-OQpY1zTZguY.png
mccartney,FlamingPie,Calico Skies-ShzbfScCBws.png
mccartney,BackToTheEgg,Getting Closer (Remastered 1993)-QAALgQK1ldU.png
starr,RingoRama,What Love Wants To Be-fO1B0BCGnLk.png
starr,BadBoy,Ringo Starr - Hard Times-mW988kgTiVA.png
mccartney,DrivingRain,Paul McCartney  Driving Rain 10_16 - About You-IQTe-6Eycqc.png
starr,SmellTheRoses,Ringo Starr - You Belong To Me-vghQIdhYu0w.png
starr,Ringo,Early 1970 RINGO STARR-QoQjL9RIFwQ.png
mccartney,OffTheGround,C'Mon People-c0aY3oUPO3o.png
starr,GiveMoreLove,Back Off Boogaloo (Re-do)-uD9DThhiLb0.png
Lennon,SomeTimeInNYC,Born In A Prison (Remastered 2010)-ABpkoWzwXSA.png
starr,ChooseLove,Give Me Back The Beat-F2awnoNOwPo.png
mccartney,BandOnTheRun,Bluebird (Remastered 2010)-QuVOt-FFiCM.png
mccartney,MemoryAlmostFull,Dance Tonight-IHyy-REXkB0.png
harrison,CloudNine,That's What It Takes (2004 Mix)-KIKHda8-ksc.png
mccartney,PressToPlay,Stranglehold (1993 Digital Remaster)-gxH6Kgul-Ss.png
starr,YNot,Ringo Starr - Mistery Of The Night-IwKD5iwsNx0.png
mccartney,OffTheGround,The Lovers That Never Were-9U0L-__UWdk.png
mccartney,MemoryAlmostFull,'Only Mama Knows' - PaulMcCartney.com Track of the Week-i-EF6JXstuk.png
starr,WhatsMyName,Ringo Starr - Gotta Get Up To Get Down (Audio)-IEUtRlopbS4.png
Lennon,WeddingAlbum,John Lennon and Yoko Ono- John & Yoko (Part 3_3)-AJkxL-gGWZk.png
starr,Ringo2012,Ringo Starr - Wings-JKxryaxPfcE.png
starr,TimeTakesTime,In a Heart Beat-nm9gQkp7Ikk.png
harrison,GoneTroppo,Mystical One (2004 Mix)-GyoDLLmZ7KE.png
mccartney,SpeedOfSound,San Ferry Anne (Remastered 2014)-OyyVNs-W7I8.png
starr,Liverpool8,Give It A Try-H2oAQSuMB6E.png
Lennon,Imagine,Gimme Some Truth (Remastered 2010)-UaiGABTj0aA.png
starr,VerticalMan,Vertical Man-B7vbz9A4EBk.png
Lennon,Imagine,How Do You Sleep (Remastered 2010)-teD9t-lO_o0.png
mccartney,RegardsToBroadStreet,No More Lonely Nights (Ballad)-zEpqGPXBjD4.png
mccartney,VenusAndMars,Crossroads (1993 Digital Remaster)-x100A_32XkI.png
harrison,SomewhereEngland,Life Itself (2004 Mix)-bLltRayHHL4.png
harrison,SomewhereEngland,All Those Years Ago (2004 Mix)-agspPmU_XiE.png
harrison,MaterialWorld,The Lord Loves The One (That Loves The Lord) _ Living In The Material World _ Track 7-JeCR0HjBht8.png
starr,WhatsMyName,Ringo Starr - Send Love Spread Peace (Audio)-dDDrb6m6cGM.png
starr,Ringo,Down And Out [Bonus Track] _ Ringo _ Ringo Starr-iyEUFYHSXsk.png
mccartney,McCartney2,All You Horse Riders _ Blue Sway (Remastered 2011)-tdKpYunIPZY.png
mccartney,PipesOfPeace,Paul McCartney - Tug Of Peace-ZdYa5uwiv9w.png
Lennon,PlasticOnoBand,Well Well Well (Remastered 2010)-G_wUSHSeS-c.png
Lennon,RocknRoll,Ain't That A Shame (Remastered 2010)-nLI8Pw5qjXI.png
starr,ChooseLove,Wrong All The Time-vJraJ94yPIU.png
mccartney,DrivingRain,Paul McCartney - Lonely Road-JPSYGtskelw.png
Lennon,MilkAndHoney,Your Hands (Remastered 2010)-_Zlq6KPlS5E.png
mccartney,DrivingRain,Paul McCartney - Driving Rain-rDFLK6R-G5Y.png
starr,GiveMoreLove,You Can’t Fight Lighting (Re-do)-35_mzw1f5Q8.png
harrison,AllMustPass,All Things Must Pass (2014 Mix)-it7mVLJaWIc.png
mccartney,BandOnTheRun,Picasso’s Last Words (Drink to Me)-9NobdV5Kxw8.png
mccartney,BandOnTheRun,Band On The Run (Remastered 2010)-RjlvdcBAKdg.png
Lennon,DoubleFantasy,I'm Moving On-cI0qusXPD6w.png
mccartney,OffTheGround,Biker Like An Icon-1hH11ySnqJc.png
mccartney,PipesOfPeace,Paul McCartney - Average Person-wOm3juAM0h8.png
mccartney,RegardsToBroadStreet,Silly Love Songs_Silly Love Songs (Reprise)-bcP9rsYHaXk.png
harrison,ThirtyThree,Woman Don't You Cry For Me _ Thirty Three & 1_3 _ Track 1-ZuwCZE7g-EU.png
starr,Ringo2012,In Liverpool-evK9ty7opzs.png
starr,YNot,Ringo Starr - Everyone Wins-O5x-PDwCaCY.png
harrison,GoneTroppo,Unknown Delight (2004 Mix)-WlwjIVwtpJQ.png
mccartney,BackToTheEgg,After The Ball_Million Miles (Remastered 1993)-kdJFo-5vvHY.png
starr,SantaClaus,The Little Drummer Boy-KWjoCE5bm9E.png
mccartney,McCartney,That Would Be Something _ McCartney _ Track 2 (Stereo)-4ZhgkdMsN7I.png
mccartney,SpeedOfSound,Paul McCartney - Sticking Out Of My Back Pocket - 'Warm And Beautiful'-IbRcKPqqDCc.png
Lennon,DoubleFantasy,"Yes, I'm Your Angel-buSi5Gn5BdM.png"
mccartney,LondonTown,Cafe On The Left Bank (Remastered 1993)-M35M1krzS_k.png
Lennon,WallsAndBridges,John Lennon - Going Down On Love-UwMHT6g8-Oo.png
mccartney,BackToTheEgg,Arrow Through Me (Remastered 1993)-_zcYw3f2k44.png
Lennon,WeddingAlbum,John Lennon and Yoko Ono- Amsterdam (Part 1_3)-DsPKn_iNhWI.png
mccartney,FlowersInTheDirt,How Many People (Remastered 2017)-NyhynX0JDf8.png
mccartney,Ram,Uncle Albert _ Admiral Halsey _ Ram _ Track 5 (Stereo)-YGNo41uCWAs.png
mccartney,WildLife,'Bip Bop' By Paul McCartney & Wings-IqJxQPYTvqY.png
starr,SentimentalJourney,"Blue, Turning Grey Over You _ Sentimental Journey _ Ringo Starr-Y8RZKKHQ4_8.png"
Lennon,PlasticOnoBand,Remember (Remastered 2010)-NgnRDBp3JPA.png
mccartney,FlamingPie,Heaven On A Sunday-FqbmzD-lh3s.png
mccartney,RedRoseSpeedway,Paul McCartney & Wings - Single Pigeon-gO5cxhusLfU.png
mccartney,EgyptStation,Happy With You-7n6UUnoVnTQ.png
mccartney,BackToTheEgg,"Old Siam, Sir (Remastered 1993)-_lpPcj_L8eA.png"
mccartney,EgyptStation,Paul McCartney - Fuh You-CWYlWvtEyio.png
starr,RingosRotogravure,Las Brisas-kszCC2wx0jQ.png
starr,PostcardsParadise,Ringo Starr - Not Looking Back (Audio)-jCYjT0zPvSM.png
Lennon,PlasticOnoBand,I Found Out (Remastered 2010)-5MqKXjclNHw.png
mccartney,BandOnTheRun,No Words (Remastered 2010)-ZLTl38lfZQ4.png
starr,SentimentalJourney,I'm a Fool to Care _ Sentimental Journey _ Ringo Starr-UhFLSBuI9OI.png
harrison,ExtraTexture,You (2014 Mix)-3xnTWee4eAI.png
mccartney,DrivingRain,Paul McCartney - From A Lover To A Friend-aEUYthzP7xc.png
starr,Ringo,Have You Seen My Baby _ Ringo _ Ringo Starr-38rNo1zHb6Y.png
starr,Liverpool8,For Love-Sot-nVkKHVM.png
starr,TimeTakesTime,Golden Blunders-2VEEr82PyBk.png
starr,VerticalMan,King Of Broken Hearts-VjAq3Nx3S14.png
harrison,DarkHorse,Dark Horse (Early Take _ 2014 Mix)-tqL2PEwq9qM.png
starr,BeaucoupsOfBlues,Silent Homecoming-k9Ffz-HeIhI.png
starr,BadBoy,Ringo Starr Monkey - See Monkey Do-K-PtbfNaDVY.png
mccartney,McCartney2,Coming Up (Live At Glasgow _ 1979 _ Remastered 2011)-laResJ9jTtg.png
starr,SantaClaus,I Wanna Be Santa Claus-S6kVbIybdVk.png
harrison,ThirtyThree,See Yourself _ Thirty Three & 1_3 _ Track 5-2GDRmwhqUQw.png
starr,RingoRama,Instant Amnesia-0LAn5anSpvc.png
harrison,CloudNine,Cloud Nine (2004 Mix)-tolATD8g-fk.png
starr,PostcardsParadise,Ringo Starr - Postcards From Paradise (Lyric Video)--4BZgOEJfps.png
starr,BeaucoupsOfBlues,I Wouldn't Have You Any Other Way-C8RqgsE75Kw.png
mccartney,ChobaBCccp,"Lawdy, Miss Clawdy (Remastered 2019)-g2ZS4YlPzPY.png"
starr,VerticalMan,I Was Walkin'-bRnHz4Kr_7E.png
mccartney,EgyptStation,Paul McCartney - I Don’t Know (Lyric Video)-aef2eV7GmQw.png
starr,RingoThe4th,Simple Love Song-DufnoajODME.png
harrison,GoneTroppo,Dream Away (2004 Mix)-ZeQcEPyOFTY.png
starr,WhatsMyName,Ringo Starr - What's My Name-l6rNCbKi6z8.png
harrison,CloudNine,George Harrison - When We Was Fab (Official Music Video)-AVu6nPTVbBQ.png
mccartney,OffTheGround,Looking For Changes-lkgpCbBxJs0.png
mccartney,LondonTown,London Town (Remastered 1993)-5pvEOnnPjcw.png
mccartney,VenusAndMars,Letting Go (1993 Digital Remaster)-vj0IbADWNZc.png
mccartney,RegardsToBroadStreet,No Values_No More Lonely Nights (Remastered 1993)-9rqsK7Ymsh8.png
mccartney,TugOfWar,Take It Away (Remixed 2015)-C-9761kYfzU.png
mccartney,WildLife,'Mumbo' By Paul McCartney & Wings-caUwVC4MPFM.png
mccartney,McCartney,Oo You _ McCartney _ Track 8 (Stereo)-UnRjgm3uffA.png
harrison,ExtraTexture,A Bit More Of You (2014 Mix)-JMWrwBfZ0Fk.png
mccartney,FlamingPie,Paul McCartney - Sticking Out Of My Back Pocket - ‘Souvenir'-akBhxxtxj3M.png
starr,RingoThe4th,Wings-nj1YGAx6kAE.png
mccartney,ChaosAndCreation,Follow Me-KoYKkIPGAJ4.png
starr,SmellTheRoses,Ringo Starr - You've Got A Nice Way-NAL-RPMD7wI.png
Lennon,SomeTimeInNYC,Sunday Bloody Sunday (Remastered 2010)-uftIGkxe4Ys.png
Lennon,MilkAndHoney,You're The One (Remastered 2010)-XHYIlp_ZIWc.png
Lennon,MilkAndHoney,Borrowed Time (Remastered 2010)-vs4xgu9wvXY.png
harrison,GeorgeHarrison,Blow Away (2004 Mix)-beyyjm2qzNQ.png
mccartney,RegardsToBroadStreet,Paul McCartney  'In Spite Of All The Danger' & '20 Flight Rock' (Live)-OWBT1PJHJy8.png
Lennon,SomeTimeInNYC,Well (Baby Please Don't Go)-M9Tf7S93hGU.png
starr,RingoRama,Elizabeth Reigns-lmIOvCqLqCg.png
harrison,ThirtyThree,Pure Smokey _ Thirty Three & 1_3 _ Track 8-Iz-P03N2X1U.png
mccartney,Ram,Smile Away _ Ram _ Track 6 (Stereo)-0LqITOPtedc.png
starr,VerticalMan,Puppet-ighKmpYXUlA.png
mccartney,DrivingRain,Paul McCartney  - Tiny Bubble-EFJ7M6p3eDg.png
mccartney,RedRoseSpeedway,Paul McCartney & Wings - Get On The Right Thing-3RsXXfmL734.png
harrison,GeorgeHarrison,Love Comes To Everyone (2004 Mix)-lg78Yy7iCTk.png
starr,OldWave,Ringo Starr - I Keep Forgettin'-sV2Vcctr5iA.png
starr,Liverpool8,Now That She's Gone Away-dSCZv6LYifo.png
starr,SmellTheRoses,Ringo Starr - Wrack My Brain-1DU6YweDyD4.png
harrison,AllMustPass,Let It Down (2014 Mix)-McIPorHJurw.png
starr,PostcardsParadise,Bridges-wPWkH7p_7nk.png
Lennon,WeddingAlbum,John Lennon And Yoko Ono- John & Yoko (Part 1_3)-9QHmH-V99SM.png
starr,BadBoy,Ringo Starr - Where Did Our Love Go-5aoVn1ntfoo.png
Lennon,PlasticOnoBand,Look At Me (Remastered 2010)-uYXU1wqbwfs.png
mccartney,McCartney2,Temporary Secretary (Remastered 2011)-fi6pu_thrMs.png
mccartney,SpeedOfSound,Wino Junko (Remastered 2014)-vrpivrSwVZE.png
harrison,MaterialWorld,Give Me Love (Give Me Peace On Earth) _ Living In The Material World _ Track 1-zVXRVef2wpk.png
mccartney,LondonTown,Name And Address (Remastered 1993)-rDIXf1l0lVg.png
harrison,GeorgeHarrison,Soft-Hearted Hana (2004 Mix)-2BQMsQ62zkI.png
starr,RingoRama,I Think Therefore I Rock N Roll-PsxTcVIlTU8.png
Lennon,WallsAndBridges,Ya Ya (Remastered 2010)-nSkX4mU3kD8.png
starr,BadBoy,Ringo Starr - Who Needs A Heart-Fd2BQK4I0ws.png
mccartney,Ram,Heart Of The Country _ Ram _ Track 7 (Stereo)-hs9SToSWp-g.png
mccartney,FlamingPie,'Flaming Pie' - PaulMcCartney.com Track of the Week-BHHtEsBWLVQ.png
harrison,GeorgeHarrison,Dark Sweet Lady (2004 Mix)-F7wd0ApK7U8.png
mccartney,LondonTown,Famous Groupies (Remastered 1993)-oKOQhB8Utfo.png
mccartney,MemoryAlmostFull,Nod Your Head-yB0KUI41VBI.png
harrison,Brainwashed,Rising Sun-L44YmN4NsoA.png
Lennon,MilkAndHoney,Nobody Told Me (Remastered 2010)-R1bV8gOvJAo.png
Lennon,Imagine,Crippled Inside (Remastered 2010)-EX7roXRmkOU.png
Lennon,MindGames,You Are Here (Remastered 2010)-F_Hu3gAsX2M.png
starr,VerticalMan,Drift Away-gkS8mXKCPik.png
starr,GiveMoreLove,Photograph-z8EKI7swBmQ.png
mccartney,SpeedOfSound,Wings 'Silly Love Songs' [Original 1976 Music Video]-ap87QgZKTNw.png
harrison,AllMustPass,I'd Have You Anytime (2014 Mix)-A-AuNXBMSNU.png
harrison,GeorgeHarrison,If You Believe (2004 Mix)-Xw8rp5RScp8.png
Lennon,MilkAndHoney,Sleepless Night (Remastered 2010)-1COlh7233Yw.png
mccartney,EgyptStation,Paul McCartney - 'Come On To Me (Lyric Video)'-ZeJLrtFY7Ds.png
Lennon,WallsAndBridges,Old Dirt Road (Remastered 2010)-Q-Psxwf_aXE.png
starr,BadBoy,Ringo Starr - Heart On My Sleeve-REc6E6SYXKI.png
mccartney,EgyptStation,People Want Peace-0g8F_5mt1u0.png
mccartney,Ram,Long Haired Lady _ Ram _ Track 10 (Stereo)-Bzd7dbQ-iII.png
Lennon,MindGames,Tight A$ (Remastered 2010)-ba3YS_SqQqY.png
Lennon,DoubleFantasy,Woman-zF6e-NmwmnA.png
mccartney,ChaosAndCreation,Riding To Vanity Fair--2i5vBJed2w.png
starr,Ringo,Ringo Starr - You're Sixteen - Lyrics-Xroiz9ssBIU.png
mccartney,FlamingPie,Somedays-SC4_u-YYLwU.png
mccartney,ChobaBCccp,Midnight Special (Remastered 2019)-yMmhh1utc5g.png
mccartney,ChaosAndCreation,Promise To You Girl-c_ov6AqWmLc.png
starr,Ringo,Six O'clock(with lyrics)-Ringo Starr-iso8U8XzYc0.png
mccartney,RegardsToBroadStreet,So Bad (Remastered 1993)-fuoOXI7HZI8.png
mccartney,RegardsToBroadStreet,Eleanor Rigby_Eleanor's Dream (Remastered 1993)-RybtnN-dYxI.png
harrison,DarkHorse,Far East Man (2014 Mix)-18oaNAJRPPo.png
mccartney,SpeedOfSound,'Let 'Em In' - PaulMcCartney.com Track of the Week-re61B8sKQWk.png
harrison,DarkHorse,I Don't Care Anymore (2014 Mix)-B8DuTG0BR9I.png
mccartney,Ram,Monkberry Moon Delight _ Ram _ Track 8 (Stereo)-MXSrx67wTy8.png
Lennon,PlasticOnoBand,My Mummy's Dead (Remastered 2010)-aiJmThIwnKM.png
Lennon,RocknRoll,You Can't Catch Me (Remastered 2010)-gZ-3E5NU1MM.png
starr,ChooseLove,Oh My Lord-V8BsLIVY8J4.png
mccartney,New,Paul McCartney - Appreciate-3Aq-iiDXo7I.png
starr,ChooseLove,Don't Hang Up-ugstMHBVsHw.png
mccartney,ChaosAndCreation,A Certain Softness-mBmHdgYSQOs.png
mccartney,VenusAndMars,Venus And Mars (1993 Digital Remaster)-NgmJktHe_XQ.png
harrison,GoneTroppo,That's The Way It Goes (2004 Mix)-etx-rLN3Fig.png
mccartney,ChobaBCccp,Don't Get Around Much Anymore (Remastered 2019)-LL1Q4_l2pdg.png
harrison,AllMustPass,Isn't It A Pity (2014 Mix)-lIbVWNy7HBk.png
starr,TimeTakesTime,All In the Name of Love-AZ18Vv613Zs.png
mccartney,LondonTown,Morse Moose And The Grey Goose (Remastered 1993)-LHYkn8BbYC0.png
mccartney,TugOfWar,Get It (Remixed 2015)-JC_31Gylj0c.png
mccartney,LondonTown,I'm Carrying (Remastered 1993)-BDL6Gs9X-v4.png
harrison,SomewhereEngland,Unconsciousness Rules (2004 Mix)-ni0bOORKrA8.png
starr,Ringo,Step Lightly _ Ringo _ Ringo Starr-h_Tg9C4S4OI.png
mccartney,McCartney,Momma Miss America _ McCartney _ Track 9 (Stereo)-D5ML0wcJ02c.png
starr,GiveMoreLove,Ringo Starr - Give More Love (Official Video)-oWxGD7KZOkQ.png
mccartney,DrivingRain,Paul McCartney - Magic-4xIRSNbp9HA.png
mccartney,McCartney,Singalong Junk _ McCartney _ Track 11 (Stereo)-hiwzH4C4CzM.png
Lennon,MilkAndHoney,[Forgive Me] My Little Flower Princess-VufOBPwXnmE.png
Lennon,SomeTimeInNYC,Scumbag (Live)-wYLGbH0f0GI.png
harrison,CloudNine,George Harrison - Got My Mind Set On You (Version II) [Official Music Video]-_71w4UA2Oxo.png
starr,Liverpool8,Tuff Love-YkqubcKvmP4.png
starr,BadBoy,Ringo Starr Tonight-UScgINjBIdo.png
starr,RingoThe4th,Drowning in the Sea of Love-hjmV0bKzUz4.png
Lennon,SomeTimeInNYC,Don't Worry Kyoko (Live)-0HWzbdhdYKs.png
starr,BadBoy,Ringo Starr - Old Time Relovin'--xSkySVg6zE.png
mccartney,Ram,The Back Seat Of My Car _ Ram _ Track 12 (Stereo)-uVDjWKDbYhM.png
mccartney,LondonTown,Deliver Your Children (Remastered 1993)-xDZNOLok-AA.png
Lennon,RocknRoll,Peggy Sue (Remastered 2010)-2EAFY0pZoD4.png
harrison,ExtraTexture,His Name Is Legs (Ladies And Gentleman)-OmIWgbmsrXY.png
starr,RingoRama,English Garden-T_DTu3NllqU.png
harrison,CloudNine,Zig Zag (2004 Mix)-AC_MDFLXyV4.png
starr,GiveMoreLove,King Of The Kingdom-I_TsLFuyU68.png
mccartney,LondonTown,Girlfriend (Remastered 1993)-HI_-Tgqmc9I.png
starr,WhatsMyName,Ringo Starr - It's Not Love That You Want (Audio)-u00mH1JwZLk.png
harrison,ThirtyThree,Beautiful Girl _ Thirty Three & 1_3 _ Track 3-4FN_f0wEAa0.png
Lennon,DoubleFantasy,Kiss Kiss Kiss-rm_IV6eRqyk.png
mccartney,BackToTheEgg,Winter Rose_Love Awake (Remastered 1993)-8SeBZGX85cs.png
mccartney,BackToTheEgg,Spin It On (Remastered 1993)-cxHSXasdtk0.png
starr,GiveMoreLove,Electricity-LcS8oBfce1E.png
Lennon,MindGames,Out The Blue (Remastered 2010)-avuSNfox6dI.png
starr,GoodnightVienna,Goodnight Vienna (Reprise)-lJf07vM44ig.png
mccartney,DrivingRain,Paul McCartney  - I Do-30QEKL29lDk.png
mccartney,RedRoseSpeedway,Paul McCartney & Wings - Little Lamb Dragonfly-NiFClfEw1I4.png
mccartney,PressToPlay,Pretty Little Head (1993 Digital Remaster)--IwvfUllCAQ.png
harrison,ThirtyThree,Learning How To Love You _ Thirty Three & 1_3 _ Track 10-QgHLCRA8pZ0.png
harrison,GeorgeHarrison,Your Love Is Forever (2004 Mix)-43SNQmOUUrg.png
starr,ChooseLove,Free Drinks-sEHq9CQtLiQ.png
mccartney,New,Paul McCartney - Road-GAlzvd4Rk6Y.png
mccartney,TugOfWar,Dress Me Up As A Robber (Remixed 2015)-fA7ELlasxgQ.png
mccartney,Ram,Too Many People _ Ram _ Track 1 (Stereo)-OEs7rnICUGo.png
Lennon,RocknRoll,Ya Ya (Remastered 2010)-M9Q33rnQq8E.png
starr,SantaClaus,Peace Be With You-CDdgg5OKQzc.png
starr,TimeTakesTime,What Goes Around-MACPp9MG_SQ.png
starr,GoodnightVienna,Occapella-2QJIvDk79Lc.png
Lennon,Imagine,Oh Yoko! (Remastered 2010)-itk-ndTnNWc.png
Lennon,SomeTimeInNYC,Cold Turkey (Live)-HEpvs-SzwzQ.png
mccartney,RegardsToBroadStreet,Yesterday (Remastered 1993)-lyyqAKacLE4.png
mccartney,RegardsToBroadStreet,The Long And Winding Road (Remastered 1993)-IsxSP29QqxU.png
mccartney,McCartney2,Wonderful Christmastime (Edited Version _ Remastered 2011)-2TfWo3GsIII.png
starr,WhatsMyName,Ringo Starr - Money (Audio)-um0PkP15cFo.png
mccartney,RegardsToBroadStreet,Here There And Everywhere (Remastered 1993)-4J6YH2QE3cc.png
Lennon,WeddingAlbum,John Lennon And Yoko Ono- John & Yoko (Part 2_3)-Ta5J7EevunY.png
starr,GoodnightVienna,Goodnight Vienna-aeZfsbeBl9o.png
starr,SmellTheRoses,Ringo Starr - Drumming Is My Madness-tCk1aj_uFsw.png
starr,VerticalMan,Mindfield-4DXc_osaPkk.png
harrison,GeorgeHarrison,Soft Touch (2004 Mix)-wbEFktZmlP4.png
mccartney,McCartney2,Bogey Music (Remastered 2011)-uqDi0rZs6E4.png
starr,OldWave,Ringo Starr - Hopeless-6pIOalJMoCc.png
mccartney,SpeedOfSound,She’s My Baby (Remastered 2014)-Y0z4kek0Ob4.png
mccartney,McCartney,Kreen-Akrore _ McCartney _ Track 13 (Stereo)-ALPiVjbssCY.png
mccartney,LondonTown,Cuff Link (Remastered 1993)-MCS1yaboJjs.png
mccartney,RedRoseSpeedway,Paul McCartney & Wings - When The Night-01YwJr3fvlE.png
harrison,AllMustPass,Plug Me In (2014 Mix)-BgpwqkYYyUo.png
Lennon,MilkAndHoney,Don't Be Scared (Remastered 2010)-lTnzweHzm-4.png
mccartney,MemoryAlmostFull,Gratitude-_Z0_oiZZyfg.png
mccartney,McCartney2,Secret Friend (Full Length Version _ Remastered 2011)-v5GVEfxZFbg.png
harrison,CloudNine,George Harrison - This Is Love-wqWkBk2ixs8.png
mccartney,RegardsToBroadStreet,Good Day Sunshine_Corridor Music (Remastered 1993)-dCmqTv_Vl3U.png
Lennon,DoubleFantasy,[Just Like] Starting Over-jWG9KAgD6UA.png
harrison,DarkHorse,"George Harrison - Ding Dong, Ding Dong-SrXswIbWA7Y.png"
starr,GiveMoreLove,Speed Of Sound-6bxQpPjAIg8.png
harrison,ThirtyThree,Crackerbox Palace _ Thirty Three & 1_3 _ Track 9-O6FIpQNiSRo.png
mccartney,MemoryAlmostFull,Vintage Clothes-kFrRd0vL7u0.png
starr,SentimentalJourney,Have I Told You Lately That I Love You _ Sentimental Journey _ Ringo Starr-pEyT6Uw6vYg.png
mccartney,McCartney2,One Of These Days (Remastered 2011)-ny7fVGQeRS8.png
mccartney,McCartney2,Front Parlour (Remastered 2011)-ZD4Pg2DPPW4.png
mccartney,BackToTheEgg,'Rockestra Theme' - PaulMcCartney.com Track of the Week-XN3jte5dV4k.png
harrison,CloudNine,Shanghai Surprise (2004 Mix)-Q_vUeMitRo0.png
harrison,GoneTroppo,Circles (2004 Mix)-HPLer5cehdM.png
mccartney,WildLife,Wings - Dear Friend HD-O6aMIuoyeGk.png
mccartney,McCartney,Man We Was Lonely _ McCartney _ Track 7 (Stereo)-rrLpBGv2qoI.png
mccartney,LondonTown,I've Had Enough (Remastered 1993)-L-0JgnscIjU.png
mccartney,BandOnTheRun,Mrs. Vandebilt (Remastered 2010)-aIh6UdXTBFs.png
harrison,SomewhereEngland,Blood From A Clone (2004 Mix)-tje9TprpfLg.png
mccartney,PressToPlay,Press (1993 Digital Remaster)--ukciopMM-A.png
mccartney,FlamingPie,Paul McCartney - Young Boy (Dir - Alistair Donald)-Jydi_-jWAEc.png
harrison,CloudNine,Just For Today (2004 Mix)-GckXmRkPQqw.png
mccartney,PressToPlay,Only Love Remains (1993 Digital Remaster)-vlEpGuW0gho.png
starr,RingoRama,"Love First, Ask Questions Later-xPyZdzdn29A.png"
Lennon,WallsAndBridges,Going Down On Love (Remastered 2010)-oQKTLI7IWWE.png
mccartney,RedRoseSpeedway,Paul McCartney & Wings - C Moon_ Hi Hi Hi (Bonus Red Rose Speedway Songs)-Ok20znXYbYY.png
mccartney,ChaosAndCreation,At The Mercy-z9QKUFHp2cM.png
starr,SentimentalJourney,Let The Rest Of The World Go By _ Sentimental Journey _ Ringo Starr-rdQvAVma2Zk.png
starr,SmellTheRoses,Ringo Starr - Brandy-0x0KXR2_wwg.png
starr,RingoThe4th,Gypsies in Flight-wV53FIejfHM.png
starr,TimeTakesTime,I Don't Believe You-daejWOcRC84.png
mccartney,LondonTown,Backwards Traveller (Remastered 1993)-inClsS7dm7A.png
harrison,ExtraTexture,This Guitar (Can't Keep From Crying)-rSR2dmGzhhU.png
mccartney,ChaosAndCreation,Paul McCartney - Sticking Out Of My Back Pocket - 'Too Much Rain'-m7W52dEUAU4.png
starr,OldWave,Ringo Starr - Be My Baby-2ttHkw9Tu2I.png
harrison,AllMustPass,It's Johnny's Birthday (2014 Mix)-qO_owGc89UI.png
starr,GoodnightVienna,No-No Song-FIzgJyhxbKY.png
mccartney,VenusAndMars,Treat Her Gently - Lonely Old People (1993 Digital Remaster)-yV5EcZmBvkc.png
mccartney,RegardsToBroadStreet,Wanderlust (Remastered 1993)-Ns4GOtJSrsQ.png
starr,BeaucoupsOfBlues,Love Don't Last Long-jd1KsG4kaMY.png
mccartney,TugOfWar,Paul McCartney 'Tug of War (Remix 2015)'-X8eOTg1N_NI.png
Lennon,WallsAndBridges,John Lennon - What You Got-eCXYI7znSmk.png
mccartney,WildLife,'Love Is Strange' By Paul McCartney & Wings-AEmSbsf9Zls.png
mccartney,FlamingPie,If You Wanna-hPeLH0_fBR4.png
mccartney,McCartney,The Lovely Linda _ McCartney _ Track 1 (Stereo)-WrRCkQEw9Dk.png
mccartney,ChobaBCccp,Bring It On Home To Me (Remastered 2019)-5oZI6z-VkvQ.png
harrison,GoneTroppo,Gone Troppo (2004 Mix)-TBOH3SlDT_g.png
mccartney,RedRoseSpeedway,Paul McCartney & Wings - Big Barn Bed-7LvG5h1Z3Tg.png
mccartney,EgyptStation,Paul McCartney - Who Cares (Audio)-JDeCDxoVt2U.png
starr,SantaClaus,Winter Wonderland-5kCqCoOYUJU.png
starr,RingoThe4th,Gave It All Up-cufjAV6u71E.png
harrison,Brainwashed,Pisces Fish-LsVgaL06rPM.png
mccartney,PressToPlay,Move Over Busker (1993 Digital Remaster)-No9imVOy4SY.png
starr,RingosRotogravure,A Dose of Rock 'n' Roll-qOeOLKKt2PA.png
mccartney,RegardsToBroadStreet,For No One (Remastered 1993)-OsITn49Ybw0.png
mccartney,New,Paul McCartney - Early Days-M94mKiHAId8.png
mccartney,EgyptStation,Paul McCartney - Confidante (Audio)-6QsY2_ZlaCw.png
starr,SmellTheRoses,Ringo Starr - Stop And Take The Time To Smell The Roses-SGgmA7tkDlY.png
mccartney,PressToPlay,Angry (1993 Digital Remaster)-R8fhcyB2vbk.png
Lennon,WallsAndBridges,What You Got (Remastered 2010)-mC7JHVF1tsQ.png
harrison,DarkHorse,Hari's On Tour (Express)-AOrZvkZMzsQ.png
mccartney,WildLife,Some People Never Know - with Lyrics-oCjmAcD47es.png
Lennon,RocknRoll,Do You Want To Dance (Remastered 2010)-x_1qauve4Wc.png
mccartney,BackToTheEgg,Reception (Remastered 1993)-UwtIZzOZbYk.png
mccartney,VenusAndMars,'Listen To What The Man Said' - PaulMcCartney.com Track of the Week-YxslbXDBmaY.png
Lennon,PlasticOnoBand,God (Remastered 2010)-aCNkPpq1giU.png
starr,WhatsMyName,Ringo Starr - Thank God For Music (Audio)-pKeLvszDrJg.png
starr,Liverpool8,Love Is-orvDkKACZhM.png
mccartney,TugOfWar,Paul McCartney ‘Ebony and Ivory (Remix 2015)’ feat Stevie Wonder-ZuAYkY2tCWY.png
Lennon,Imagine,How (Remastered 2010)-5pQ9To3DMuo.png
starr,RingoThe4th,It's No Secret-91G2Dpd6YnE.png
mccartney,McCartney2,Darkroom (Remastered 2011)-CT4ym0X_evo.png
mccartney,Ram,Dear Boy _ Ram _ Track 4 (Stereo)-zPTKv26G4p4.png
starr,OldWave,Ringo Starr - As Far as We Can Go (Original Version)-YlDcg2sSPK8.png
harrison,GoneTroppo,I Really Love You (2004 Mix)-msRSTsX7msc.png
harrison,ExtraTexture,Tired Of Midnight Blue (2014 Mix)-d2Hlnpxf5i4.png
mccartney,OffTheGround,'Hope of Deliverance' - PaulMcCartney.com Track of the Week-Gxzd2_T3f5c.png
starr,BeaucoupsOfBlues,I'd Be Talking All The Time-fHnB6l6VdOw.png
Lennon,MindGames,Intuition (Remastered 2010)-7KI0nVS2BtU.png
Lennon,DoubleFantasy,Every Man Has A Woman Who Loves Him-nM-7AgMbPZ4.png
harrison,ThirtyThree,Dear One _ Thirty Three & 1_3 _ Track 2-5ZY-wbMSwps.png
mccartney,FlowersInTheDirt,Motor Of Love (Remastered 2017)-Y30qqsAhrtg.png
Lennon,MindGames,I Know (I Know)-E1_5PjRdRxk.png
mccartney,VenusAndMars,Wings - Call Me Back Again-OJnUIEvLYMc.png
starr,BeaucoupsOfBlues,Fastest Growing Heartache In The West-EOEAP7wMYb4.png
harrison,ThirtyThree,True Love _ Thirty Three & 1_3 _ Track 7-BxPg7DxLscg.png
starr,GiveMoreLove,Laughable-iv-AyU91oEM.png
mccartney,ChobaBCccp,Lucille (Remastered 2019)-GYFWAxpi6Lk.png
mccartney,DrivingRain,Paul McCartney  - She's Given Up Talking-0dNfUourn9k.png
harrison,ExtraTexture,Grey Cloudy Lies (2014 Mix)-gB2cMmfxL3U.png
starr,RingosRotogravure,Lady Gaye-3Ik0e3DkcIU.png
harrison,SomewhereEngland,Writing's On The Wall (2004 Mix)-ZzwAjg9gvMw.png
harrison,GoneTroppo,Baby Don't Run Away (2004 Mix)-My_-48W-y8c.png
mccartney,ChobaBCccp,Just Because (Remastered 2019)-B9LjAHB3yoI.png
mccartney,EgyptStation,Paul McCartney - Back In Brazil-okqNDGSNUUI.png
Lennon,SomeTimeInNYC,Woman Is The Nigger Of The World (Remastered 2010)-j5RuCEhHcG4.png
mccartney,OffTheGround,Mistress And Maid-uiEdxqkyK-I.png
harrison,Brainwashed,Rocking Chair In Hawaii-xq5HFhue-jI.png
starr,Ringo,Ringo Starr - It Don't Come Easy - Lyrics-kFOdkBFzX50.png
harrison,Brainwashed,Marwa Blues-J5HEeNRJFMg.png
starr,GoodnightVienna,Snookeroo-4K8cwDa9Ffw.png
mccartney,EgyptStation,Dominoes-Pc1Yuj4dNjI.png
Lennon,Imagine,It's So Hard (Remastered 2010)-7ZHt8xyeVMg.png
starr,PostcardsParadise,Ringo Starr - Bamboula (Audio)-A0CJ-6Myk_c.png
starr,Ringo2012,Slow Down-LtkGePXhTZk.png
starr,SentimentalJourney,Sentimental Journey _ Sentimental Journey _ Ringo Starr-mrrHm-rYuXE.png
starr,SmellTheRoses,Ringo Starr - Sure To Fall-aF2sLzLGqpk.png
starr,SentimentalJourney,Ringo Starr - Stardust-NLkGshFAglY.png
harrison,MaterialWorld,The Day The World Gets 'Round _ Living In The Material World _ Track 10-iQSiAUzpnoA.png
starr,GoodnightVienna,All By Myself-q9n5ZtuhjAY.png
starr,Ringo2012,Rock Island Line-24aCtdYPvqw.png
Lennon,PlasticOnoBand,Mother (Remastered 2010)-3D0nMzHjMR8.png
mccartney,ChobaBCccp,That's All Right (Mama)-xp-eC34YEpU.png
mccartney,ChaosAndCreation,'Fine Line' - PaulMcCartney.com Track of the Week-KMaQtLMbzz8.png
mccartney,McCartney2,On The Way (Remastered 2011)-oAs82MypGDY.png
Lennon,WallsAndBridges,Surprise Surprise (Sweet Bird Of Paradox)-nFibxlsPais.png
Lennon,PlasticOnoBand,Hold On (Remastered 2010)-DzQy-EsNfuM.png
harrison,Brainwashed,P2 Vatican Blues (Last Saturday Night)-O7awp7tIxAU.png
harrison,MaterialWorld,"Sue Me, Sue You Blues _ Living In The Material World _ Track 2-rOzkSfUbk3M.png"
mccartney,SpeedOfSound,Cook Of The House (Remastered 2014)-WeMUEVklJc0.png
Lennon,DoubleFantasy,Give Me Something-teVOOP20CKM.png
mccartney,ChaosAndCreation,Friends To Go-CuEvbkUzvDE.png
Lennon,SomeTimeInNYC,Au (Live)-ZfUSu4gjWeY.png
Lennon,PlasticOnoBand,Working Class Hero (Remastered 2010 _ Lennon Legend Version)-D77dbv-xNfE.png
mccartney,PipesOfPeace,Paul McCartney - The Other Me--_TP5gYPvJM.png
mccartney,WildLife,Wings - Wild Life - Wild Life-PVBmogGl5xc.png
mccartney,DrivingRain,Paul McCartney - Riding Into Jaipur-RbWctMLfOqs.png
mccartney,MemoryAlmostFull,The End Of The End-Cqkobok8w14.png
mccartney,MemoryAlmostFull,You Tell Me-ajhKw8dIpbk.png
mccartney,MemoryAlmostFull,That Was Me-zMrZBhWw1hM.png
mccartney,FlamingPie,Used To Be Bad-73Q99vy9CrA.png
Lennon,MindGames,Bring On The Lucie (Freda Peeple)-q90TEF-Ph3g.png
starr,YNot,Ringo Starr - Peace Dream-rhVQqPx5Ubw.png
harrison,MaterialWorld,Living In The Material World _ Living In The Material World _ Track 6-IFuxWKoh_Bs.png
starr,VerticalMan,Without Understanding-CdEwfJY5PV4.png
Lennon,SomeTimeInNYC,John Sinclair (Remastered 2010)-Qx1og_HqyBk.png
Lennon,MindGames,Mind Games (Remastered 2010)-QLeObvcUii4.png
Lennon,MilkAndHoney,Grow Old With Me (Remastered 2010)-BzsoxBjjU0g.png
mccartney,PipesOfPeace,Paul McCartney - Pipes Of Peace-tP7ZtMLWxb4.png
harrison,DarkHorse,Bye Bye Love (2014 Mix)-PFSpyfp2oD4.png
mccartney,OffTheGround,Winedark Open Sea-f_iAzTnaDJM.png
mccartney,FlamingPie,The World Tonight-8o6vwGhAPaA.png
harrison,AllMustPass,I Dig Love (2014 Mix)-EE9GWOeMDkE.png
mccartney,VenusAndMars,Venus And Mars (Reprise)-UkHoT48Odv4.png
mccartney,ChaosAndCreation,English Tea-epULE-0i7Q8.png
mccartney,SpeedOfSound,The Note You Never Wrote (Remastered 2014)-NPmakD4NZU0.png
starr,RingosRotogravure,Cookin' (In the Kitchen of Love)-EujDVd89YXs.png
Lennon,SomeTimeInNYC,Jamrag (Live)-4BDPdquOpnk.png
Lennon,DoubleFantasy,I'm Losing You-KXJZgwAWvnA.png
starr,TimeTakesTime,After All These Years-xkc1jj1CVIY.png
harrison,SomewhereEngland,Save The World (2004 Mix)-RVV_KXW8_p0.png
Lennon,RocknRoll,Bring It On Home To Me _ Send Me Some Lovin' (Remastered 2010)-Ugj5fCBBfQU.png
mccartney,DrivingRain,Paul McCartney - Your Loving Flame-QEbvITQ1n5E.png
starr,SmellTheRoses,Ringo Starr  -Wake Up-odFEMfyPlpo.png
starr,Ringo,I'm the Greatest  _ Ringo Star-mZ4EmA5X-PQ.png
mccartney,McCartney,Junk _ McCartney _ Track 6 (Stereo)-lLo3z3c_1AU.png
mccartney,VenusAndMars,Medicine Jar (1993 Digital Remaster)-u2XZ8i0EwVk.png
starr,RingoRama,Never Without You-prYSlvdSgKc.png
mccartney,VenusAndMars,Magneto And Titanium Man (1993 Digital Remaster)-z_29ira9fyo.png
Lennon,Imagine,I Don't Wanna Be A Soldier Mama (Remastered 2010)-jMk673yHrJE.png
Lennon,MindGames,Meat City (Remastered 2010)-43pG6w7kiCs.png
starr,PostcardsParadise,Let Love Lead-9EEWhZQxhVM.png
mccartney,TugOfWar,What’s That You’re Doing (Remixed 2015)-qDVL3l4XGa4.png
starr,Liverpool8,Think About You-LBWVH-D2OX4.png
Lennon,WallsAndBridges,Steel And Glass (Remastered 2010)-n2CICLKsEpE.png
mccartney,McCartney2,Summer's Day Song (Remastered 2011)-Op49p1s1D5c.png
mccartney,McCartney2,Waterfalls (Remastered 2011)-L0Px9QddbIg.png
starr,ChooseLove,Satisfied-GZ38CimjqL4.png
Lennon,WallsAndBridges,#9 Dream (Remastered 2010)-0u40JpzAFbc.png
starr,Ringo2012,Wonderful-7m5rq2dBRYI.png
mccartney,BandOnTheRun,Jet (Remastered 2010)-zyRDkSVGZ_4.png
mccartney,New,Paul McCartney - On My Way To Work-mc4KqEFkzTI.png
starr,BeaucoupsOfBlues,Woman Of The Night-eryTvorS_0k.png
starr,TimeTakesTime,Don't Know a Thing About Love-01vIOkkiLoo.png
Lennon,MilkAndHoney,I'm Stepping Out (Remastered 2010)-SJgn68PA8X0.png
harrison,AllMustPass,Behind That Locked Door (2014 Mix)-VHX-MFg2Zqw.png
mccartney,ChaosAndCreation,This Never Happened Before-fLVNdjzwA_c.png
starr,RingoRama,Eye To Eye-8UAD4Vq-U3Q.png
harrison,Brainwashed,Looking For My Life-zd0tA3d-xwc.png
harrison,Brainwashed,Brainwashed-Q2O9k91Jvsg.png
mccartney,WildLife,Paul McCartney & Wings - I am your singer-WCUGdeGn5AE.png
mccartney,PressToPlay,Good Times Coming_Feel The Sun (1993 Digital Remaster)-PbUE6NqBriw.png
starr,Ringo2012,Think It Over-nCN2PY10w0M.png
harrison,ExtraTexture,The Answer's At The End (2014 Mix)--YSaeQvawm0.png
mccartney,FlowersInTheDirt,Put It There (Remastered 2017)-guCkhoiEDK4.png
harrison,GeorgeHarrison,Not Guilty (2004 Mix)-CdLRwh3u68s.png
starr,PostcardsParadise,Ringo Starr - Touch And Go (Audio)-tYftn0k-F2g.png
starr,BadBoy,Ringo Starr - Bad Boy-icKs-Fo6jm4.png
Lennon,PlasticOnoBand,Isolation (Remastered 2010)-N8lOLNfnCBg.png
starr,BeaucoupsOfBlues,Loser's Lounge-WxtIEBocS9w.png
mccartney,ChaosAndCreation,How Kind Of You-QjZwRSSrZKk.png
harrison,AllMustPass,Hear Me Lord (2014 Mix)-EoUIryN1tM4.png
Lennon,WallsAndBridges,Whatever Gets You Thru The Night (Remastered 2010)-6lFTD9O-XMw.png
starr,SantaClaus,"Come On Christmas, Christmas Come On-PQq0Wy7VKxk.png"
mccartney,FlowersInTheDirt,Figure Of Eight (Remastered 2017)-QUtm3KO8ogg.png
starr,BeaucoupsOfBlues,Nashville Jam-YCo86Q-lCM8.png
mccartney,RegardsToBroadStreet,Goodnight Princess (Remastered 1993)-kDkvYFkDyU0.png
starr,WhatsMyName,Ringo Starr - Magic (Audio)-hhKSlbKreYc.png
Lennon,WallsAndBridges,Nobody Loves You (When You're Down And Out)-aLKY2o8XQGM.png
mccartney,PipesOfPeace,Paul McCartney - The Man-ogPihWGkTpI.png
mccartney,McCartney,Teddy Boy _ McCartney _ Track 10 (Stereo)-F5q2__1GK1M.png
mccartney,TugOfWar,Paul McCartney - Sticking Out Of My Back Pocket - ‘Wanderlust'-CKhV-fIc2FE.png
Lennon,WeddingAlbum,John Lennon and Yoko Ono- Amsterdam (Part 2_3)-popvc5PwNfc.png
mccartney,MemoryAlmostFull,House Of Wax-jvNUAlgaJZ0.png
harrison,MaterialWorld,That Is All _ Living In The Material World _ Track 11-hXvIlDZOEQ0.png
starr,OldWave,Ringo Starr - She's About a Mover-8lOWEU5pu-k.png
starr,GiveMoreLove,Show Me The Way-1tucuLEMUj4.png
harrison,AllMustPass,Ballad Of Sir Frankie Crisp (Let It Roll)-B832L59PWYw.png
harrison,Brainwashed,George Harrison - Stuck Inside A Cloud-6daBIzxbqSY.png
starr,SantaClaus,Christmas Eve-hKgn6Aw0v-o.png
starr,RingoThe4th,Can She Do It Like She Dances-2yGM9II2mGU.png
starr,TimeTakesTime,Runaways-q77V1cx1xIg.png
starr,RingosRotogravure,You Don't Know Me at All-F9FUQsCyaek.png
mccartney,FlowersInTheDirt,Rough Ride (Remastered 2017)-H9l4HBGEEgw.png
starr,Ringo,Devil Woman _ Ringo _ Ringo Starr-yRVHqxIIUCw.png
starr,VerticalMan,Love Me Do (Live From VH1 Storytellers Studio_1998)-ykR2IcaXYBA.png
mccartney,BandOnTheRun,Let Me Roll It (Remastered 2010)-EvT_6nGOhTM.png
mccartney,DrivingRain,Paul McCartney - Spinning On An Axis-468w2mYIUac.png
mccartney,Ram,3 Legs _ Ram _ Track 2 (Stereo)-JP8d944nv2U.png
mccartney,Ram,Eat At Home _ Ram _ Track 9 (Stereo)-c9lABuiE0-w.png
starr,GoodnightVienna,Easy For Me-7TCPyQv_Qqo.png
mccartney,FlowersInTheDirt,My Brave Face (1988 Demo)-6Ldqa29J3Y4.png
Lennon,SomeTimeInNYC,"Sisters, O Sisters (Remastered 2010)-lAOWhoNwAHU.png"
Lennon,RocknRoll,Slippin' And Slidin' (Remastered 2010)-EAN_uJabnjE.png
starr,SmellTheRoses,Ringo Starr - Private Property-FFFs9GpTURw.png
mccartney,VenusAndMars,Spirits Of Ancient Egypt (1993 Digital Remaster)-Sf9jPtp-AcQ.png
starr,SantaClaus,Christmas Time Is Here Again--QW3i_YJqjE.png
starr,SentimentalJourney,Ringo Starr - Night and Day-Ba8Y0NyccDc.png
Lennon,SomeTimeInNYC,Attica State (Remastered 2010)-h_vFMU8HiZc.png
harrison,AllMustPass,Wah-Wah (2014 Mix)-yNfBDnnZyuo.png
mccartney,WildLife,Wings - Wild Life - Mumbo Link-BntKk1FXG5A.png
Lennon,PlasticOnoBand,John Lennon Power to the People-YnF0Am3YvGk.png
starr,RingoRama,Missouri Loves Company-_ETe32_q0VY.png
starr,ChooseLove,Fading In And Out-DWLDKiKQ9_8.png
mccartney,McCartney2,Mr H Atom _ You Know I’ll Get You Baby (Remastered 2011)-mgtORjIU_gU.png
starr,BeaucoupsOfBlues,Beaucoups Of Blues-xLz9_aayHfc.png
starr,RingoRama,Imagine Me There-pdtL9wCoMeE.png
starr,GoodnightVienna,Only You (And You Alone)-n2ftAkKRRH4.png
mccartney,MemoryAlmostFull,Feet In The Clouds-bPYROV1r0RI.png
mccartney,EgyptStation,Hand In Hand-iEOOI0UUvBM.png
starr,SantaClaus,The Christmas Dance-49bYwYTuuwY.png
mccartney,EgyptStation,Hunt You Down_Naked_C-Link-bNUkLw94r54.png
mccartney,PipesOfPeace,Paul McCartney - Hey Hey Hey-WrGbpVGmWLQ.png
harrison,AllMustPass,Isn't It A Pity (Version Two _ 2014 Mix)-bHV2CY5LOSQ.png
mccartney,DrivingRain,Paul McCartney  - Rinse The Raindrops-zW6fJnrx3ik.png
starr,SmellTheRoses,Ringo Starr - Attention-UZKVtmBX8rM.png
harrison,ExtraTexture,Can't Stop Thinking About You (2014 Mix)-qbQfW0_qYY4.png
starr,RingosRotogravure,I'll Still Love You-NXg45wYBCcg.png
mccartney,OffTheGround,Get Out Of My Way-u6rpJfgz4ww.png
starr,GiveMoreLove,Ringo Starr - We’re On The Road Again (Audio)-QeM1fRcqWl8.png
mccartney,New,Paul McCartney 'New' - Album out 14th Oct [UK] _ 15th Oct [US]-pE_1V0phMW8.png
mccartney,LondonTown,Don't Let It Bring You Down (Remastered 1993)-uJkI9ASc-Lo.png
starr,Liverpool8,Harry's Song-Zcmvdq6vwbg.png
starr,WhatsMyName,Ringo Starr - Life Is Good (Audio)-qPvk7CaghDw.png
harrison,GeorgeHarrison,Here Comes The Moon (2004 Mix)-z6LQBh_0N9U.png
mccartney,McCartney,Hot As Sun-Glasses _ McCartney _ Track 5 (Stereo)-IdnoXWdWrLI.png
harrison,GeorgeHarrison,Faster (2004 Mix)-c_8bgBtRXNg.png
mccartney,BackToTheEgg,Again And Again And Again (Remastered 1993)-txDie0l8Wzs.png
harrison,ThirtyThree,It's What You Value _ Thirty Three & 1_3 _ Track 6-9gX-JyAj24U.png
mccartney,New,Paul McCartney - Turned Out (New)-6yJZKNjGwyY.png
harrison,Brainwashed,George Harrison - Any Road-r8fFdc-karA.png
harrison,ExtraTexture,Ooh Baby (You Know That I Love You)-H_SKCkVKz88.png
harrison,AllMustPass,Beware Of Darkness (2014 Mix)-0LrxYds2UNE.png
mccartney,TugOfWar,Somebody Who Cares (Remixed 2015)-miemM-xFqWw.png
starr,Ringo2012,Anthem-HbOj5AIvcOA.png
mccartney,EgyptStation,Station II-Y1kObOq_eb4.png
Lennon,SomeTimeInNYC,New York City (Remastered 2010)-GlwuwEx2zLA.png
starr,Ringo2012,Step Lightly-W-FdCryxnEo.png
starr,BeaucoupsOfBlues,$15 Draw-KdbO8ynNZac.png
mccartney,TugOfWar,Here Today (Remixed 2015)-whoGVQHI-Vc.png
starr,OldWave,Ringo Starr - Everybody's in a Hurry But Me-WT_Yn4EC_Lw.png
Lennon,MindGames,One Day (At A Time)-m4Qpk6ZDZPg.png
harrison,MaterialWorld,Don't Let Me Wait Too Long _ Living In The Material World _ Track 4-TwMY5_E9WT4.png
mccartney,New,Paul McCartney - Hosanna-uJcYPGZe0PM.png
mccartney,FlowersInTheDirt,Où Est Le Soleil (Remastered 2017)-IQesWC2rb-s.png
mccartney,McCartney,Valentine Day _ McCartney _ Track 3 (Stereo)-WZNUpTicdRI.png
starr,RingosRotogravure,Cryin'-XDA0srA_L6U.png
mccartney,OffTheGround,Off The Ground-76zCEkqYy4I.png
Lennon,MindGames,Nutopian International Anthem (Remastered 2010)-j38PiSGFxLQ.png
mccartney,TugOfWar,The Pound Is Sinking (Remixed 2015)-Jnxk0UkVQa4.png
mccartney,PipesOfPeace,Paul McCartney - Say Say Say (Feat. Michael Jackson)-rRlvE9176-g.png
mccartney,PipesOfPeace,Paul McCartney - Keep Under Cover-Qae_ZmFzSiA.png
mccartney,OffTheGround,I Owe It All To You-k37GmVMi778.png
starr,SentimentalJourney,Dream _ Sentimental Journey _ Ringo Starr-Mc-JtwzKP-I.png
mccartney,TugOfWar,Ballroom Dancing (Remixed 2015)-ZR_rcMpRSoA.png
mccartney,EgyptStation,Caesar Rock-sQ6NlI6uvvQ.png
mccartney,FlowersInTheDirt,Distractions (Remastered 2017)-4WxkjGN7lDQ.png
starr,PostcardsParadise,Island In The Sun-v1o_hRDHA30.png
harrison,AllMustPass,Awaiting On You All (2014 Mix)-fbyHdlCVrRo.png
starr,Liverpool8,Gone Are The Days-PVWD7fGt1-g.png
mccartney,BandOnTheRun,Mamunia (Remastered 2010)--UAKKR_Mr4o.png
mccartney,McCartney2,Frozen Jap (Remastered 2011)-DndU1UMCjV4.png
Lennon,Imagine,Oh My Love (Remastered 2010)-u3QZVdqUidw.png
harrison,GoneTroppo,Wake Up My Love (2004 Mix)-zO8aH-7a8cY.png
starr,SmellTheRoses,Ringo Starr - Dead Giveaway-plvKeh-HZG0.png
starr,Liverpool8,Pasodobles-7v_zcRCN6Ss.png
Lennon,RocknRoll,Rip It Up _ Ready Teddy (Remastered 2010)-qjobBx2P6C0.png
mccartney,LondonTown,With A Little Luck (Remastered 1993)-s7sds_vDulo.png
Lennon,RocknRoll,Just Because (Remastered 2010)-eQkouyTSKlg.png
